siteId,date,phMean,phMax,phMin,phSd,phCnt,caMean,caMax,caMin,caSd,caCnt,tempMean,tempMax,tempMin,tempSd,tempCnt,uniqueSiteDates
1119USBR_WQX-PAL006,2013-07-10,7.815,8.31,7.2,0.37705879294,16.0,32.0,32.5,31.5,0.707106781187,2.0,16.3857142857,20.2,11.5,3.0242245396,14.0,2013-07-10_break_1119USBR_WQX-PAL006
1119USBR_WQX-PAL005,2013-07-10,7.98,8.3,7.4,0.312483845736,14.0,34.4,35.0,33.8,0.848528137424,2.0,17.5666666667,20.0,14.1,2.26367895786,12.0,2013-07-10_break_1119USBR_WQX-PAL005
1119USBR_WQX-PAL008,2013-07-10,7.7125,8.21,7.05,0.396270441943,20.0,40.0,48.4,31.6,11.8793939239,2.0,14.4777777778,20.1,6.7,4.7595792641,18.0,2013-07-10_break_1119USBR_WQX-PAL008
1119USBR_WQX-JAC001,2013-07-09,7.28466666667,7.87,6.9,0.297558317613,15.0,14.2,14.5,13.9,0.424264068712,2.0,8.98461538462,18.8,5.6,4.46688671482,13.0,2013-07-09_break_1119USBR_WQX-JAC001
1119USBR_WQX-PAL008,2013-06-26,7.575,8.04,7.07,0.328476877152,18.0,43.3,51.4,35.2,11.4551298552,2.0,12.2055555556,16.6,6.2,3.56394893708,18.0,2013-06-26_break_1119USBR_WQX-PAL008
1119USBR_WQX-JAC001,2013-06-25,7.19928571429,7.47,6.7,0.257904701711,14.0,14.3,14.5,14.1,0.282842712475,2.0,10.2666666667,14.7,5.8,3.61344291459,12.0,2013-06-25_break_1119USBR_WQX-JAC001
1119USBR_WQX-JAC001,2013-08-20,7.42142857143,8.05,6.8,0.354809963065,14.0,13.8,14.0,13.6,0.282842712475,2.0,10.8416666667,18.9,6.4,4.96834677704,12.0,2013-08-20_break_1119USBR_WQX-JAC001
1119USBR_WQX-PAL007,2013-07-10,7.84090909091,7.95,7.5,0.124294371993,11.0,31.1,31.6,30.3,0.7,3.0,18.325,19.5,17.5,0.627352714644,8.0,2013-07-10_break_1119USBR_WQX-PAL007
1119USBR_WQX-JAC101,2013-07-09,7.32,7.44,7.2,0.169705627485,2.0,14.0,14.0,14.0,,1.0,13.5,13.5,13.5,,1.0,2013-07-09_break_1119USBR_WQX-JAC101
1119USBR_WQX-PAL008,2014-07-29,7.43952380952,8.2,6.81,0.371974141446,21.0,38.65,40.5,36.8,2.61629509039,2.0,14.4421052632,20.3,7.8,4.19607168002,19.0,2014-07-29_break_1119USBR_WQX-PAL008
1119USBR_WQX-PAL007,2014-07-29,7.7225,8.3,7.38,0.260179134095,12.0,38.75,42.2,35.3,4.87903679019,2.0,17.67,20.5,11.2,2.83511708557,10.0,2014-07-29_break_1119USBR_WQX-PAL007
1119USBR_WQX-PAL101,2014-07-29,7.3,7.3,7.3,0.0,2.0,34.6,34.6,34.6,,1.0,13.9,13.9,13.9,,1.0,2014-07-29_break_1119USBR_WQX-PAL101
11NPSWRD_WQX-GRTE_SNR01,2014-06-04,7.66,7.66,7.66,,1.0,8.9,9.4,8.4,0.707106781187,2.0,8.91,8.91,8.91,,1.0,2014-06-04_break_11NPSWRD_WQX-GRTE_SNR01
1119USBR_WQX-PAL008,2014-06-24,7.647,8.5,7.28,0.306681731133,20.0,36.9666666667,39.3,35.4,2.05993527406,3.0,11.6176470588,15.0,8.0,2.23501546251,17.0,2014-06-24_break_1119USBR_WQX-PAL008
1119USBR_WQX-JAC001,2014-06-25,6.982,7.44,6.42,0.382962139121,15.0,13.55,13.9,13.2,0.494974746831,2.0,8.92307692308,15.7,4.7,3.78024554894,13.0,2014-06-25_break_1119USBR_WQX-JAC001
1119USBR_WQX-JAC001,2014-08-19,7.06866666667,7.66,6.68,0.357887984604,15.0,14.3,14.9,13.7,0.848528137424,2.0,11.6384615385,19.1,5.8,5.06220282445,13.0,2014-08-19_break_1119USBR_WQX-JAC001
1119USBR_WQX-JAC001,2014-07-31,6.88266666667,7.72,4.6,0.741450958466,15.0,13.55,13.9,13.2,0.494974746831,2.0,10.3384615385,19.3,5.6,5.39591488405,13.0,2014-07-31_break_1119USBR_WQX-JAC001
1119USBR_WQX-PAL008,2014-07-22,7.6980952381,9.97,6.99,0.61794513549,21.0,37.75,39.8,35.7,2.89913780286,2.0,14.7,20.1,8.1,4.22190057254,19.0,2014-07-22_break_1119USBR_WQX-PAL008
WYDEQ_WATERSHED-MRW1,2014-09-04,8.26,8.26,8.26,,1.0,44.0,44.0,44.0,,1.0,5.08,5.08,5.08,,1.0,2014-09-04_break_WYDEQ_WATERSHED-MRW1
1119USBR_WQX-PAL005,2014-07-29,7.61125,8.2,7.09,0.315592036232,16.0,35.8,36.2,35.4,0.565685424949,2.0,16.4428571429,20.4,12.0,2.80266748919,14.0,2014-07-29_break_1119USBR_WQX-PAL005
1119USBR_WQX-PAL008,2014-05-28,7.96526315789,8.5,7.58,0.310615310867,19.0,45.1,48.1,42.5,2.86705423737,4.0,8.76666666667,13.8,4.9,3.12493809462,15.0,2014-05-28_break_1119USBR_WQX-PAL008
11NPSWRD_WQX-GRTE_SNR02,2014-06-05,7.92,7.92,7.92,,1.0,15.45,15.7,15.2,0.353553390593,2.0,7.81,7.81,7.81,,1.0,2014-06-05_break_11NPSWRD_WQX-GRTE_SNR02
11NPSWRD_WQX-GRTE_SNR01,2014-10-30,7.8,7.8,7.8,,1.0,16.55,17.6,15.5,1.48492424049,2.0,5.65,5.65,5.65,,1.0,2014-10-30_break_11NPSWRD_WQX-GRTE_SNR01
1119USBR_WQX-JAC001,2009-07-29,7.60333333333,8.0,6.92,0.370340898298,15.0,14.35,14.9,13.8,0.777817459305,2.0,12.6615384615,19.3,5.6,5.94566206876,13.0,2009-07-29_break_1119USBR_WQX-JAC001
1119USBR_WQX-PAL008,2009-07-29,7.7905,8.5,7.34,0.292691233034,20.0,35.6,35.7,35.5,0.141421356237,2.0,14.6,20.2,9.7,2.96270941181,18.0,2009-07-29_break_1119USBR_WQX-PAL008
WYDEQ_WQX-MRW0170,2009-09-01,8.19,8.19,8.19,,1.0,15.0,15.0,15.0,,1.0,13.59,13.59,13.59,,1.0,2009-09-01_break_WYDEQ_WQX-MRW0170
1119USBR_WQX-JAC101,2009-07-29,7.945,8.0,7.89,0.0777817459305,2.0,13.8,13.8,13.8,,1.0,18.7,18.7,18.7,,1.0,2009-07-29_break_1119USBR_WQX-JAC101
1119USBR_WQX-PAL101,2009-07-29,7.95,8.2,7.7,0.353553390593,2.0,35.1,35.1,35.1,,1.0,13.8,13.8,13.8,,1.0,2009-07-29_break_1119USBR_WQX-PAL101
1119USBR_WQX-JAC101,2013-08-20,7.42,7.94,6.9,0.735391052434,2.0,13.9,13.9,13.9,,1.0,18.9,18.9,18.9,,1.0,2013-08-20_break_1119USBR_WQX-JAC101
1119USBR_WQX-JAC101,2013-06-26,7.095,7.29,6.9,0.275771644663,2.0,14.5,14.5,14.5,,1.0,14.6,14.6,14.6,,1.0,2013-06-26_break_1119USBR_WQX-JAC101
WYDEQ_WQX-MRW0154,2009-09-15,8.06,8.06,8.06,,1.0,9.0,9.0,9.0,,1.0,8.9,8.9,8.9,,1.0,2009-09-15_break_WYDEQ_WQX-MRW0154
WYDEQ_WQX-MRW25,2009-10-14,8.94,8.94,8.94,,1.0,57.0,57.0,57.0,,1.0,6.46,6.46,6.46,,1.0,2009-10-14_break_WYDEQ_WQX-MRW25
WYDEQ_WQX-MRW0171,2009-09-14,7.26,7.26,7.26,,1.0,8.0,8.0,8.0,,1.0,12.27,12.27,12.27,,1.0,2009-09-14_break_WYDEQ_WQX-MRW0171
WYDEQ_WQX-MRW11,2009-09-01,8.43,8.43,8.43,,1.0,61.0,61.0,61.0,,1.0,13.55,13.55,13.55,,1.0,2009-09-01_break_WYDEQ_WQX-MRW11
1119USBR_WQX-PAL101,2013-07-10,7.755,7.81,7.7,0.0777817459305,2.0,32.3,32.3,32.3,,1.0,16.2,16.2,16.2,,1.0,2013-07-10_break_1119USBR_WQX-PAL101
1119USBR_WQX-PAL006,2011-08-10,7.94789473684,8.5,7.53,0.339796981011,19.0,34.8,36.0,33.6,1.69705627485,2.0,15.0882352941,19.0,11.5,2.48643377977,17.0,2011-08-10_break_1119USBR_WQX-PAL006
WYDEQ_WATERSHED-MRW0162,2011-10-10,8.1,8.1,8.1,,1.0,,,,,,7.65,7.65,7.65,,1.0,2011-10-10_break_WYDEQ_WATERSHED-MRW0162
1119USBR_WQX-PAL007,2011-08-10,8.175625,8.5,7.67,0.268898214944,16.0,37.65,38.8,36.5,1.62634559673,2.0,16.2928571429,19.0,13.8,2.06973215871,14.0,2011-08-10_break_1119USBR_WQX-PAL007
1119USBR_WQX-PAL005,2011-08-10,8.00529411765,8.5,7.65,0.28482708893,17.0,35.3,36.4,34.2,1.55563491861,2.0,15.5533333333,18.8,12.1,2.07359820694,15.0,2011-08-10_break_1119USBR_WQX-PAL005
WYDEQ_WATERSHED-MRW0189,2011-06-30,8.07,8.07,8.07,,1.0,,,,,,13.85,13.85,13.85,,1.0,2011-06-30_break_WYDEQ_WATERSHED-MRW0189
1119USBR_WQX-JAC001,2011-06-29,7.622,8.06,7.39,0.205468106667,15.0,15.15,15.7,14.6,0.777817459305,2.0,7.65384615385,13.2,5.7,2.64090116709,13.0,2011-06-29_break_1119USBR_WQX-JAC001
1119USBR_WQX-JAC001,2011-07-28,7.73066666667,8.32,7.27,0.310586235245,15.0,14.4,15.2,13.6,1.1313708499,2.0,10.3384615385,19.3,6.3,5.06763233038,13.0,2011-07-28_break_1119USBR_WQX-JAC001
IDEQ_WQX-2011SPOCA043,2011-08-03,,,,,,,,,,,13.1,13.1,13.1,,1.0,2011-08-03_break_IDEQ_WQX-2011SPOCA043
1119USBR_WQX-JAC101,2011-08-11,7.705,7.81,7.6,0.148492424049,2.0,13.8,13.8,13.8,,1.0,14.7,14.7,14.7,,1.0,2011-08-11_break_1119USBR_WQX-JAC101
IDEQ_WQX-2011SPOCA055,2011-08-10,,,,,,,,,,,12.5,12.5,12.5,,1.0,2011-08-10_break_IDEQ_WQX-2011SPOCA055
IDEQ_WQX-2011SPOCA022,2011-07-27,,,,,,,,,,,14.5,14.5,14.5,,1.0,2011-07-27_break_IDEQ_WQX-2011SPOCA022
WYDEQ_WATERSHED-MRW0190,2011-10-13,7.67,7.67,7.67,,1.0,,,,,,7.24,7.24,7.24,,1.0,2011-10-13_break_WYDEQ_WATERSHED-MRW0190
WYDEQ_WATERSHED-MRW0162,2011-10-13,7.94,7.94,7.94,,1.0,,,,,,5.7,5.7,5.7,,1.0,2011-10-13_break_WYDEQ_WATERSHED-MRW0162
1119USBR_WQX-PAL008,2011-08-10,7.87391304348,8.5,7.26,0.395735668556,23.0,37.25,38.1,36.4,1.20208152802,2.0,14.2523809524,18.5,9.8,2.93625936314,21.0,2011-08-10_break_1119USBR_WQX-PAL008
WYDEQ_WATERSHED-MRW0163,2011-06-27,7.96,7.96,7.96,,1.0,,,,,,12.02,12.02,12.02,,1.0,2011-06-27_break_WYDEQ_WATERSHED-MRW0163
1119USBR_WQX-JAC001,2011-08-11,7.56066666667,8.16,7.13,0.328947817544,15.0,14.25,14.9,13.6,0.919238815543,2.0,10.4692307692,19.3,6.3,5.18320760009,13.0,2011-08-11_break_1119USBR_WQX-JAC001
WYDEQ_WATERSHED-MRW0162,2011-06-30,8.32,8.32,8.32,,1.0,,,,,,13.17,13.17,13.17,,1.0,2011-06-30_break_WYDEQ_WATERSHED-MRW0162
1119USBR_WQX-PAL101,2011-08-10,8.115,8.2,8.03,0.120208152802,2.0,35.1,35.1,35.1,,1.0,13.8,13.8,13.8,,1.0,2011-08-10_break_1119USBR_WQX-PAL101
1119USBR_WQX-JAC101,2011-06-29,7.83,7.96,7.7,0.183847763109,2.0,15.4,15.4,15.4,,1.0,12.8,12.8,12.8,,1.0,2011-06-29_break_1119USBR_WQX-JAC101
WYDEQ_WATERSHED-MRW0190,2011-06-30,7.99,7.99,7.99,,1.0,,,,,,10.95,10.95,10.95,,1.0,2011-06-30_break_WYDEQ_WATERSHED-MRW0190
WYDEQ_WATERSHED-MRW0189,2011-10-13,8.05,8.05,8.05,,1.0,,,,,,6.58,6.58,6.58,,1.0,2011-10-13_break_WYDEQ_WATERSHED-MRW0189
IDEQ_WQX-2011SIDFA038,2011-08-08,,,,,,,,,,,8.3,8.3,8.3,,1.0,2011-08-08_break_IDEQ_WQX-2011SIDFA038
1119USBR_WQX-JAC101,2011-07-28,7.745,7.89,7.6,0.205060966544,2.0,14.1,14.1,14.1,,1.0,14.4,14.4,14.4,,1.0,2011-07-28_break_1119USBR_WQX-JAC101
IDEQ_WQX-2011SPOCA023,2011-07-27,,,,,,,,,,,17.1,17.1,17.1,,1.0,2011-07-27_break_IDEQ_WQX-2011SPOCA023
WYDEQ_WATERSHED-MRW0164,2011-10-10,7.83,7.83,7.83,,1.0,,,,,,,,,,,2011-10-10_break_WYDEQ_WATERSHED-MRW0164
WYDEQ_WATERSHED-MRW0164,2011-06-27,8.36,8.36,8.36,,1.0,,,,,,12.57,12.57,12.57,,1.0,2011-06-27_break_WYDEQ_WATERSHED-MRW0164
WYDEQ_WQX-MRW0169,2009-08-26,8.49,8.49,8.49,,1.0,37.0,37.0,37.0,,1.0,9.1,9.1,9.1,,1.0,2009-08-26_break_WYDEQ_WQX-MRW0169
WYDEQ_WQX-MRW0149,2009-08-25,7.95,7.95,7.95,,1.0,45.0,45.0,45.0,,1.0,6.36,6.36,6.36,,1.0,2009-08-25_break_WYDEQ_WQX-MRW0149
WYDEQ_WQX-MRW0174,2009-10-13,8.51,8.51,8.51,,1.0,,,,,,9.84,9.84,9.84,,1.0,2009-10-13_break_WYDEQ_WQX-MRW0174
WYDEQ_WQX-MRW0130,2009-07-28,7.74,7.74,7.74,,1.0,24.0,24.0,24.0,,1.0,13.1,13.1,13.1,,1.0,2009-07-28_break_WYDEQ_WQX-MRW0130
IDEQ_WQX-2011SPOCA026,2011-08-01,,,,,,,,,,,14.7,14.7,14.7,,1.0,2011-08-01_break_IDEQ_WQX-2011SPOCA026
IDEQ_WQX-2011SPOCA059,2011-09-07,,,,,,,,,,,10.1,10.1,10.1,,1.0,2011-09-07_break_IDEQ_WQX-2011SPOCA059
WYDEQ_WATERSHED-MRW0164,2011-06-30,8.24,8.24,8.24,,1.0,,,,,,13.57,13.57,13.57,,1.0,2011-06-30_break_WYDEQ_WATERSHED-MRW0164
WYDEQ_WATERSHED-MRW0190,2011-10-10,7.78,7.78,7.78,,1.0,,,,,,8.64,8.64,8.64,,1.0,2011-10-10_break_WYDEQ_WATERSHED-MRW0190
WYDEQ_WATERSHED-MRW0163,2011-10-10,8.07,8.07,8.07,,1.0,,,,,,7.5,7.5,7.5,,1.0,2011-10-10_break_WYDEQ_WATERSHED-MRW0163
IDEQ_WQX-2011SPOCA056,2011-08-10,,,,,,,,,,,17.7,17.7,17.7,,1.0,2011-08-10_break_IDEQ_WQX-2011SPOCA056
WYDEQ_WATERSHED-MRW0162,2011-06-27,8.36,8.36,8.36,,1.0,,,,,,12.05,12.05,12.05,,1.0,2011-06-27_break_WYDEQ_WATERSHED-MRW0162
WYDEQ_WATERSHED-MRW0163,2011-10-13,8.0,8.0,8.0,,1.0,,,,,,6.32,6.32,6.32,,1.0,2011-10-13_break_WYDEQ_WATERSHED-MRW0163
WYDEQ_WATERSHED-MRW0163,2011-06-30,8.16,8.16,8.16,,1.0,,,,,,13.38,13.38,13.38,,1.0,2011-06-30_break_WYDEQ_WATERSHED-MRW0163
IDEQ_WQX-2011SPOCA027,2011-08-01,,,,,,,,,,,14.2,14.2,14.2,,1.0,2011-08-01_break_IDEQ_WQX-2011SPOCA027
WYDEQ_WATERSHED-MRW0189,2011-10-10,8.0,8.0,8.0,,1.0,,,,,,8.88,8.88,8.88,,1.0,2011-10-10_break_WYDEQ_WATERSHED-MRW0189
11NPSWRD_WQX-GRTE_SNR02,2014-04-16,8.34,8.34,8.34,,1.0,26.175,27.2,24.9,0.963932916061,4.0,4.54,4.54,4.54,,1.0,2014-04-16_break_11NPSWRD_WQX-GRTE_SNR02
1119USBR_WQX-PAL006,2014-07-29,7.51588235294,8.2,6.94,0.342017156432,17.0,34.9,35.0,34.8,0.141421356237,2.0,16.34,20.4,10.9,3.04109942525,15.0,2014-07-29_break_1119USBR_WQX-PAL006
11NPSWRD_WQX-GRTE_SNR01,2014-09-23,8.26,8.26,8.26,,1.0,16.125,17.7,15.3,1.13247516529,4.0,17.06,17.06,17.06,,1.0,2014-09-23_break_11NPSWRD_WQX-GRTE_SNR01
11NPSWRD_WQX-GRTE_SNR01,2014-08-13,,,,,,15.1,15.5,14.7,0.565685424949,2.0,18.0,18.0,18.0,,1.0,2014-08-13_break_11NPSWRD_WQX-GRTE_SNR01
1119USBR_WQX-JAC101,2014-08-19,7.08,7.36,6.8,0.395979797464,2.0,13.4,13.4,13.4,,1.0,17.0,17.0,17.0,,1.0,2014-08-19_break_1119USBR_WQX-JAC101
1119USBR_WQX-JAC001,2010-07-22,7.74866666667,8.31,7.32,0.331336399334,15.0,15.0,15.0,15.0,0.0,2.0,9.52307692308,17.4,5.6,3.92261686594,13.0,2010-07-22_break_1119USBR_WQX-JAC001
1119USBR_WQX-PAL007,2010-07-21,8.48666666667,8.74,8.1,0.239426397876,9.0,37.1,39.1,35.1,2.82842712475,2.0,17.5857142857,19.7,15.6,1.69452901168,7.0,2010-07-21_break_1119USBR_WQX-PAL007
1119USBR_WQX-PAL008,2010-08-04,8.14181818182,8.75,7.53,0.465890201285,22.0,40.6,44.3,36.9,5.23259018078,2.0,14.725,20.7,6.9,5.31065215541,20.0,2010-08-04_break_1119USBR_WQX-PAL008
1119USBR_WQX-JAC001,2010-08-05,7.86428571429,8.51,7.22,0.436343447751,14.0,14.75,14.9,14.6,0.212132034356,2.0,11.425,19.9,6.3,4.92786603271,12.0,2010-08-05_break_1119USBR_WQX-JAC001
1119USBR_WQX-PAL101,2010-08-04,8.185,8.27,8.1,0.120208152802,2.0,37.5,37.5,37.5,,1.0,13.7,13.7,13.7,,1.0,2010-08-04_break_1119USBR_WQX-PAL101
WYDEQ_WQX-MRW0172,2009-09-15,7.94,7.94,7.94,,1.0,8.0,8.0,8.0,,1.0,9.5,9.5,9.5,,1.0,2009-09-15_break_WYDEQ_WQX-MRW0172
1119USBR_WQX-JAC001,2012-07-25,7.610625,8.1,7.0,0.340753454372,16.0,14.0666666667,14.4,13.9,0.288675134595,3.0,11.3769230769,20.9,6.4,5.72555002396,13.0,2012-07-25_break_1119USBR_WQX-JAC001
1119USBR_WQX-JAC101,2012-07-25,7.715,7.93,7.5,0.30405591591,2.0,13.8,13.8,13.8,,1.0,16.2,16.2,16.2,,1.0,2012-07-25_break_1119USBR_WQX-JAC101
1119USBR_WQX-JAC101,2012-08-08,7.825,8.15,7.5,0.459619407771,2.0,14.0,14.0,14.0,,1.0,18.0,18.0,18.0,,1.0,2012-08-08_break_1119USBR_WQX-JAC101
1119USBR_WQX-JAC001,2012-08-08,7.675,8.4,7.0,0.447973213485,16.0,14.0666666667,14.2,13.8,0.230940107676,3.0,11.8923076923,19.8,7.0,5.26995596731,13.0,2012-08-08_break_1119USBR_WQX-JAC001
1119USBR_WQX-PAL008,2012-06-27,7.91913043478,8.5,7.48,0.311271776069,23.0,42.1,48.2,36.0,8.62670273048,2.0,11.2666666667,17.7,5.4,4.20836468635,21.0,2012-06-27_break_1119USBR_WQX-PAL008
WYDEQ_WATERSHED-MRW0191,2012-10-09,7.86,7.86,7.86,,1.0,,,,,,7.93,7.93,7.93,,1.0,2012-10-09_break_WYDEQ_WATERSHED-MRW0191
1119USBR_WQX-JAC001,2012-06-27,7.562,7.93,7.1,0.20174949106,15.0,14.65,14.7,14.6,0.0707106781187,2.0,9.22307692308,12.9,6.5,2.19740522972,13.0,2012-06-27_break_1119USBR_WQX-JAC001
1119USBR_WQX-PAL101,2012-06-27,8.025,8.1,7.95,0.106066017178,2.0,39.1,39.1,39.1,,1.0,10.6,10.6,10.6,,1.0,2012-06-27_break_1119USBR_WQX-PAL101
1119USBR_WQX-JAC101,2012-06-27,7.6,7.7,7.5,0.141421356237,2.0,14.4,14.4,14.4,,1.0,12.0,12.0,12.0,,1.0,2012-06-27_break_1119USBR_WQX-JAC101
WYDEQ_WATERSHED-MRW0163,2012-06-21,8.34,8.34,8.34,,1.0,,,,,,15.69,15.69,15.69,,1.0,2012-06-21_break_WYDEQ_WATERSHED-MRW0163
WYDEQ_WATERSHED-MRW0164,2011-10-13,8.1,8.1,8.1,,1.0,,,,,,4.61,4.61,4.61,,1.0,2011-10-13_break_WYDEQ_WATERSHED-MRW0164
1119USBR_WQX-JAC101,2010-08-05,8.195,8.39,8.0,0.275771644663,2.0,14.6,14.6,14.6,,1.0,15.4,15.4,15.4,,1.0,2010-08-05_break_1119USBR_WQX-JAC101
1119USBR_WQX-JAC001,2015-07-28,7.73375,8.58,6.7,0.586400034106,16.0,15.0333333333,15.1,15.0,0.057735026919,3.0,10.6307692308,17.7,5.2,5.45196976871,13.0,2015-07-28_break_1119USBR_WQX-JAC001
1119USBR_WQX-JAC101,2015-07-28,7.585,8.37,6.8,1.11015764646,2.0,15.5,15.5,15.5,,1.0,16.0,16.0,16.0,,1.0,2015-07-28_break_1119USBR_WQX-JAC101
11NPSWRD_WQX-GRTE_SNR01,2015-06-24,8.14,8.14,8.14,,1.0,18.0,18.5,17.5,0.707106781187,2.0,13.3,13.3,13.3,,1.0,2015-06-24_break_11NPSWRD_WQX-GRTE_SNR01
1119USBR_WQX-PAL008,2015-07-29,8.09666666667,8.64,7.5,0.400191620769,21.0,40.5666666667,42.5,39.4,1.68621864933,3.0,15.7666666667,18.7,8.8,3.39047107607,18.0,2015-07-29_break_1119USBR_WQX-PAL008
11NPSWRD_WQX-GRTE_SNR02,2015-10-08,7.99,7.99,7.99,,1.0,22.4,23.7,21.1,1.83847763109,2.0,10.38,10.38,10.38,,1.0,2015-10-08_break_11NPSWRD_WQX-GRTE_SNR02
1119USBR_WQX-JAC001,2015-06-17,7.45866666667,7.77,6.6,0.369978120331,15.0,14.4,14.7,14.1,0.424264068712,2.0,10.3461538462,16.1,5.3,3.92823441778,13.0,2015-06-17_break_1119USBR_WQX-JAC001
1119USBR_WQX-PAL008,2015-07-28,7.82681818182,8.4,6.98,0.401904826019,22.0,42.1666666667,46.2,40.0,3.49618840072,3.0,15.0526315789,19.1,7.9,3.72504562553,19.0,2015-07-28_break_1119USBR_WQX-PAL008
1119USBR_WQX-PAL008,2015-06-30,7.85,8.35,7.27,0.340617087064,21.0,44.15,47.6,40.7,4.87903679019,2.0,13.6157894737,21.2,7.1,4.42370673605,19.0,2015-06-30_break_1119USBR_WQX-PAL008
1119USBR_WQX-JAC001,2015-08-11,7.77375,8.43,6.6,0.584486954517,16.0,14.8,15.1,14.6,0.264575131106,3.0,11.6923076923,18.6,5.4,5.36492645778,13.0,2015-08-11_break_1119USBR_WQX-JAC001
1119USBR_WQX-PAL008,2015-05-27,7.96454545455,8.55,7.09,0.575646446327,22.0,46.6333333333,50.4,44.3,3.29292170167,3.0,9.09473684211,12.4,4.9,3.10652962577,19.0,2015-05-27_break_1119USBR_WQX-PAL008
11NPSWRD_WQX-GRTE_SNR02,2015-08-24,8.73,8.73,8.73,,1.0,17.2,17.3,17.1,0.141421356237,2.0,16.34,16.34,16.34,,1.0,2015-08-24_break_11NPSWRD_WQX-GRTE_SNR02
1119USBR_WQX-JAC101,2015-06-17,7.135,7.57,6.7,0.615182899632,2.0,14.4,14.4,14.4,,1.0,14.5,14.5,14.5,,1.0,2015-06-17_break_1119USBR_WQX-JAC101
11NPSWRD_WQX-GRTE_SNR01,2015-11-10,7.95,7.95,7.95,,1.0,20.2,20.3,20.1,0.141421356237,2.0,3.74,3.74,3.74,,1.0,2015-11-10_break_11NPSWRD_WQX-GRTE_SNR01
11NPSWRD_WQX-GRTE_SNR01,2015-08-25,8.0,8.0,8.0,,1.0,22.45,23.4,21.5,1.34350288425,2.0,13.53,13.53,13.53,,1.0,2015-08-25_break_11NPSWRD_WQX-GRTE_SNR01
11NPSWRD_WQX-GRTE_SNR02,2015-09-22,8.7,8.7,8.7,,1.0,18.05,18.3,17.8,0.353553390593,2.0,14.42,14.42,14.42,,1.0,2015-09-22_break_11NPSWRD_WQX-GRTE_SNR02
11NPSWRD_WQX-GRTE_SNR02,2015-06-23,8.24,8.24,8.24,,1.0,14.25,15.2,13.3,1.34350288425,2.0,16.4,16.4,16.4,,1.0,2015-06-23_break_11NPSWRD_WQX-GRTE_SNR02
11NPSWRD_WQX-GRTE_SNR02,2015-11-09,8.6,8.6,8.6,,1.0,21.484,27.0,0.12,11.9433362173,5.0,4.55,4.55,4.55,,1.0,2015-11-09_break_11NPSWRD_WQX-GRTE_SNR02
1119USBR_WQX-PAL101,2015-07-29,7.985,8.27,7.7,0.403050865276,2.0,39.1,39.1,39.1,,1.0,15.6,15.6,15.6,,1.0,2015-07-29_break_1119USBR_WQX-PAL101
11NPSWRD_WQX-GRTE_SNR02,2015-07-07,8.42,8.42,8.42,,1.0,15.25,15.3,15.2,0.0707106781187,2.0,17.7,17.7,17.7,,1.0,2015-07-07_break_11NPSWRD_WQX-GRTE_SNR02
11NPSWRD_WQX-GRTE_SNR01,2015-10-08,8.07,8.07,8.07,,1.0,20.025,20.6,19.6,0.41932485418,4.0,12.21,12.21,12.21,,1.0,2015-10-08_break_11NPSWRD_WQX-GRTE_SNR01
11NPSWRD_WQX-GRTE_SNR02,2015-04-14,,,,,,23.8,23.8,23.8,0.0,2.0,5.3,5.3,5.3,,1.0,2015-04-14_break_11NPSWRD_WQX-GRTE_SNR02
WYDEQ_WATERSHED-MRW0164,2012-06-21,7.97,7.97,7.97,,1.0,,,,,,,,,,,2012-06-21_break_WYDEQ_WATERSHED-MRW0164
WYDEQ_WATERSHED-MRW0190,2012-06-18,7.96,7.96,7.96,,1.0,,,,,,10.07,10.07,10.07,,1.0,2012-06-18_break_WYDEQ_WATERSHED-MRW0190
WYDEQ_WATERSHED-MRW0163,2012-10-09,8.57,8.57,8.57,,1.0,,,,,,6.94,6.94,6.94,,1.0,2012-10-09_break_WYDEQ_WATERSHED-MRW0163
WYDEQ_WATERSHED-MRW0189,2012-06-21,7.61,7.61,7.61,,1.0,,,,,,15.15,15.15,15.15,,1.0,2012-06-21_break_WYDEQ_WATERSHED-MRW0189
11NPSWRD_WQX-GRTE_SNR01,2015-07-09,8.0,8.0,8.0,,1.0,18.25,19.7,16.3,1.45487685619,4.0,14.46,14.46,14.46,,1.0,2015-07-09_break_11NPSWRD_WQX-GRTE_SNR01
11NPSWRD_WQX-GRTE_SNR01,2015-04-14,,,,,,17.5,17.5,17.5,0.0,2.0,6.8,6.8,6.8,,1.0,2015-04-14_break_11NPSWRD_WQX-GRTE_SNR01
WYDEQ_WATERSHED-MRW0163,2012-06-18,8.45,8.45,8.45,,1.0,,,,,,16.75,16.75,16.75,,1.0,2012-06-18_break_WYDEQ_WATERSHED-MRW0163
WYDEQ_WATERSHED-MRW0189,2012-06-18,7.95,7.95,7.95,,1.0,,,,,,13.77,13.77,13.77,,1.0,2012-06-18_break_WYDEQ_WATERSHED-MRW0189
1119USBR_WQX-JAC101,2015-08-11,7.645,8.39,6.9,1.05358910397,2.0,14.8,14.8,14.8,,1.0,18.1,18.1,18.1,,1.0,2015-08-11_break_1119USBR_WQX-JAC101
11NPSWRD_WQX-GRTE_SNR01,2015-05-13,,,,,,11.25,11.6,10.9,0.494974746831,2.0,10.0,10.0,10.0,,1.0,2015-05-13_break_11NPSWRD_WQX-GRTE_SNR01
11NPSWRD_WQX-GRTE_SNR01,2015-09-23,7.98,7.98,7.98,,1.0,21.2,21.3,21.1,0.141421356237,2.0,11.01,11.01,11.01,,1.0,2015-09-23_break_11NPSWRD_WQX-GRTE_SNR01
11NPSWRD_WQX-GRTE_SNR02,2015-05-14,,,,,,20.2,20.7,19.7,0.707106781187,2.0,7.6,7.6,7.6,,1.0,2015-05-14_break_11NPSWRD_WQX-GRTE_SNR02
11NPSWRD_WQX-GRTE_SNR01,2014-07-28,,,,,,15.05,15.6,14.8,0.369684550214,4.0,17.5,17.5,17.5,,1.0,2014-07-28_break_11NPSWRD_WQX-GRTE_SNR01
11NPSWRD_WQX-GRTE_SNR02,2014-10-30,8.35,8.35,8.35,,1.0,20.75,21.6,19.9,1.20208152802,2.0,6.63,6.63,6.63,,1.0,2014-10-30_break_11NPSWRD_WQX-GRTE_SNR02
WYDEQ_WATERSHED-MRW0189,2012-10-09,8.6,8.6,8.6,,1.0,,,,,,7.88,7.88,7.88,,1.0,2012-10-09_break_WYDEQ_WATERSHED-MRW0189
WYDEQ_WATERSHED-MRW0190,2012-10-09,7.97,7.97,7.97,,1.0,,,,,,7.71,7.71,7.71,,1.0,2012-10-09_break_WYDEQ_WATERSHED-MRW0190
WYDEQ_WATERSHED-MRW0162,2012-06-18,8.23,8.23,8.23,,1.0,,,,,,17.12,17.12,17.12,,1.0,2012-06-18_break_WYDEQ_WATERSHED-MRW0162
WYDEQ_WATERSHED-MRW0190,2012-06-21,8.12,8.12,8.12,,1.0,,,,,,11.84,11.84,11.84,,1.0,2012-06-21_break_WYDEQ_WATERSHED-MRW0190
WYDEQ_WATERSHED-MRW0191,2012-06-21,7.81,7.81,7.81,,1.0,,,,,,11.24,11.24,11.24,,1.0,2012-06-21_break_WYDEQ_WATERSHED-MRW0191
1119USBR_WQX-JAC101,2010-07-22,8.03,8.16,7.9,0.183847763109,2.0,14.6,14.6,14.6,,1.0,13.0,13.0,13.0,,1.0,2010-07-22_break_1119USBR_WQX-JAC101
WYDEQ_WATERSHED-MRW0191,2012-06-18,7.72,7.72,7.72,,1.0,,,,,,9.75,9.75,9.75,,1.0,2012-06-18_break_WYDEQ_WATERSHED-MRW0191
WYDEQ_WATERSHED-MRW0164,2012-06-18,8.38,8.38,8.38,,1.0,,,,,,16.75,16.75,16.75,,1.0,2012-06-18_break_WYDEQ_WATERSHED-MRW0164
WYDEQ_WATERSHED-MRW0162,2012-06-21,8.38,8.38,8.38,,1.0,,,,,,15.82,15.82,15.82,,1.0,2012-06-21_break_WYDEQ_WATERSHED-MRW0162
11NPSWRD_WQX-GRTE_SNR01,2016-09-07,8.11,8.11,8.11,,1.0,28.5,29.0,28.0,0.57735026919,4.0,12.901,12.901,12.901,,1.0,2016-09-07_break_11NPSWRD_WQX-GRTE_SNR01
1119USBR_WQX-PAL008,2016-05-24,8.05454545455,8.31,7.7,0.185542377979,22.0,50.1,51.9,48.3,2.54558441227,2.0,8.36,11.2,4.2,2.73484339973,20.0,2016-05-24_break_1119USBR_WQX-PAL008
1119USBR_WQX-JAC101,2016-08-16,7.375,8.25,6.5,1.23743686708,2.0,15.3,15.3,15.3,,1.0,19.0,19.0,19.0,,1.0,2016-08-16_break_1119USBR_WQX-JAC101
1119USBR_WQX-PAL008,2016-07-19,7.97304347826,8.47,7.4,0.371084832039,23.0,41.7,45.2,38.2,4.94974746831,2.0,14.3571428571,19.7,6.3,4.70643935779,21.0,2016-07-19_break_1119USBR_WQX-PAL008
1119USBR_WQX-PAL008,2016-06-21,7.77695652174,8.2,7.11,0.221737657904,23.0,43.6,49.4,37.8,8.20243866176,2.0,12.1571428571,17.5,5.7,4.20898698365,21.0,2016-06-21_break_1119USBR_WQX-PAL008
1119USBR_WQX-JAC001,2016-08-16,7.67625,8.48,6.3,0.689752371024,16.0,15.1666666667,15.2,15.1,0.057735026919,3.0,11.5846153846,18.8,5.9,5.46349188612,13.0,2016-08-16_break_1119USBR_WQX-JAC001
11NPSWRD_WQX-GRTE_SNR01,2016-10-04,7.75,7.75,7.75,,1.0,20.5,22.0,19.0,2.12132034356,2.0,6.991,6.991,6.991,,1.0,2016-10-04_break_11NPSWRD_WQX-GRTE_SNR01
11NPSWRD_WQX-GRTE_SNR02,2016-10-04,8.47,8.47,8.47,,1.0,23.5,25.0,22.0,2.12132034356,2.0,8.53,8.53,8.53,,1.0,2016-10-04_break_11NPSWRD_WQX-GRTE_SNR02
1119USBR_WQX-JAC101,2016-06-21,7.325,7.85,6.8,0.742462120246,2.0,14.0,14.0,14.0,,1.0,13.0,13.0,13.0,,1.0,2016-06-21_break_1119USBR_WQX-JAC101
11NPSWRD_WQX-GRTE_SNR01,2016-05-12,7.81,7.81,7.81,,1.0,13.5,14.0,13.0,0.707106781187,2.0,3.404,3.404,3.404,,1.0,2016-05-12_break_11NPSWRD_WQX-GRTE_SNR01
1119USBR_WQX-JAC001,2016-07-26,7.652,8.19,6.6,0.508319359683,15.0,14.95,15.2,14.7,0.353553390593,2.0,11.1230769231,19.1,5.7,5.4031092663,13.0,2016-07-26_break_1119USBR_WQX-JAC001
11NPSWRD_WQX-GRTE_SNR02,2016-08-02,8.07,8.07,8.07,,1.0,18.0,18.0,18.0,0.0,2.0,15.76,15.76,15.76,,1.0,2016-08-02_break_11NPSWRD_WQX-GRTE_SNR02
1119USBR_WQX-JAC101,2014-07-31,7.025,7.45,6.6,0.601040764009,2.0,12.8,12.8,12.8,,1.0,15.9,15.9,15.9,,1.0,2014-07-31_break_1119USBR_WQX-JAC101
11NPSWRD_WQX-GRTE_SNR02,2016-04-12,8.36,8.36,8.36,,1.0,16.4033333333,26.2,0.21,14.1265011002,3.0,7.29,7.29,7.29,,1.0,2016-04-12_break_11NPSWRD_WQX-GRTE_SNR02
11NPSWRD_WQX-GRTE_SNR01,2016-07-13,8.11,8.11,8.11,,1.0,21.5,22.0,21.0,0.707106781187,2.0,14.11,14.11,14.11,,1.0,2016-07-13_break_11NPSWRD_WQX-GRTE_SNR01
1119USBR_WQX-JAC101,2016-07-26,7.445,8.19,6.7,1.05358910397,2.0,14.6,14.6,14.6,,1.0,18.3,18.3,18.3,,1.0,2016-07-26_break_1119USBR_WQX-JAC101
11NPSWRD_WQX-GRTE_SNR01,2016-08-02,8.15,8.15,8.15,,1.0,24.25,25.0,24.0,0.5,4.0,15.09,15.09,15.09,,1.0,2016-08-02_break_11NPSWRD_WQX-GRTE_SNR01
11NPSWRD_WQX-GRTE_SNR02,2014-09-23,8.5,8.5,8.5,,1.0,15.4,15.8,15.0,0.565685424949,2.0,15.7,15.7,15.7,,1.0,2014-09-23_break_11NPSWRD_WQX-GRTE_SNR02
11NPSWRD_WQX-GRTE_SNR01,2016-04-12,7.98,7.98,7.98,,1.0,16.65,18.9,14.4,3.18198051534,2.0,3.092,3.092,3.092,,1.0,2016-04-12_break_11NPSWRD_WQX-GRTE_SNR01
11NPSWRD_WQX-GRTE_SNR02,2016-09-07,8.04,8.04,8.04,,1.0,18.5,19.0,18.0,0.707106781187,2.0,12.937,12.937,12.937,,1.0,2016-09-07_break_11NPSWRD_WQX-GRTE_SNR02
11NPSWRD_WQX-GRTE_SNR02,2016-11-15,8.81,8.81,8.81,,1.0,25.5,26.0,25.0,0.57735026919,4.0,7.097,7.097,7.097,,1.0,2016-11-15_break_11NPSWRD_WQX-GRTE_SNR02
11NPSWRD_WQX-GRTE_SNR02,2016-07-13,8.42,8.42,8.42,,1.0,18.5,19.0,18.0,0.707106781187,2.0,17.167,17.167,17.167,,1.0,2016-07-13_break_11NPSWRD_WQX-GRTE_SNR02
11NPSWRD_WQX-GRTE_SNR01,2016-06-08,7.76,7.76,7.76,,1.0,12.0,12.0,12.0,0.0,2.0,10.307,10.307,10.307,,1.0,2016-06-08_break_11NPSWRD_WQX-GRTE_SNR01
11NPSWRD_WQX-GRTE_SNR01,2016-11-15,8.12,8.12,8.12,,1.0,18.0,18.0,18.0,0.0,2.0,6.822,6.822,6.822,,1.0,2016-11-15_break_11NPSWRD_WQX-GRTE_SNR01
WYDEQ_WATERSHED-MRW0164,2012-10-09,8.43,8.43,8.43,,1.0,,,,,,3.2,3.2,3.2,,1.0,2012-10-09_break_WYDEQ_WATERSHED-MRW0164
WYDEQ_WATERSHED-MRW0162,2012-10-09,8.54,8.54,8.54,,1.0,,,,,,8.88,8.88,8.88,,1.0,2012-10-09_break_WYDEQ_WATERSHED-MRW0162
1119USBR_WQX-PAL006,2017-08-09,7.8025,8.6,7.23,0.436383160947,20.0,35.3,36.1,34.5,1.1313708499,2.0,15.7722222222,19.7,11.0,2.89782992956,18.0,2017-08-09_break_1119USBR_WQX-PAL006
11NPSWRD_WQX-GRTE_SNR02,2016-06-08,8.04,8.04,8.04,,1.0,15.5,16.0,15.0,0.707106781187,2.0,13.271,13.271,13.271,,1.0,2016-06-08_break_11NPSWRD_WQX-GRTE_SNR02
11NPSWRD_WQX-GRTE_SNR02,2016-05-11,8.12,8.12,8.12,,1.0,22.5,23.0,22.0,0.707106781187,2.0,6.837,6.837,6.837,,1.0,2016-05-11_break_11NPSWRD_WQX-GRTE_SNR02
1119USBR_WQX-JAC001,2017-08-10,7.63533333333,8.14,7.22,0.283469995053,15.0,14.55,15.2,13.9,0.919238815543,2.0,10.8153846154,19.3,6.0,5.15361461401,13.0,2017-08-10_break_1119USBR_WQX-JAC001
1119USBR_WQX-PAL007,2017-08-09,8.03285714286,8.5,7.83,0.239693027126,14.0,38.65,41.9,35.4,4.59619407771,2.0,16.675,19.6,15.0,1.5178483575,12.0,2017-08-09_break_1119USBR_WQX-PAL007
1119USBR_WQX-JAC101,2017-08-10,7.725,7.8,7.65,0.106066017178,2.0,14.2,14.2,14.2,,1.0,15.4,15.4,15.4,,1.0,2017-08-10_break_1119USBR_WQX-JAC101
1119USBR_WQX-PAL008,2017-08-09,8.04307692308,8.4,7.66,0.299036915653,13.0,36.15,36.2,36.1,0.0707106781187,2.0,17.7181818182,19.4,15.6,1.76681531679,11.0,2017-08-09_break_1119USBR_WQX-PAL008
1119USBR_WQX-JAC001,2017-07-11,7.78666666667,8.34,7.44,0.265724526172,15.0,15.2,15.7,14.7,0.707106781187,2.0,9.04615384615,19.0,5.9,4.46180370564,13.0,2017-07-11_break_1119USBR_WQX-JAC001
1119USBR_WQX-JAC001,2017-06-21,7.84333333333,8.07,7.37,0.209886590692,15.0,14.25,14.6,13.9,0.494974746831,2.0,8.94615384615,13.4,5.4,2.71864408134,13.0,2017-06-21_break_1119USBR_WQX-JAC001
1119USBR_WQX-PAL005,2017-08-09,7.93833333333,8.4,7.58,0.291754328563,18.0,34.85,35.6,34.1,1.06066017178,2.0,16.325,19.5,11.6,2.68290886912,16.0,2017-08-09_break_1119USBR_WQX-PAL005
1119USBR_WQX-PAL008,2017-05-31,8.197,8.5,8.0,0.1666733332,20.0,39.55,40.1,39.0,0.777817459305,2.0,9.87222222222,13.8,7.1,2.51975852147,18.0,2017-05-31_break_1119USBR_WQX-PAL008
11NPSWRD_WQX-GRTE_SNR02,2014-07-29,,,,,,13.8,14.5,13.1,0.989949493661,2.0,14.3,14.3,14.3,,1.0,2014-07-29_break_11NPSWRD_WQX-GRTE_SNR02
11NPSWRD_WQX-GRTE_SNR02,2014-08-13,,,,,,13.975,14.2,13.7,0.262995563968,4.0,19.2,19.2,19.2,,1.0,2014-08-13_break_11NPSWRD_WQX-GRTE_SNR02
1119USBR_WQX-JAC001,2018-06-19,7.50357142857,7.95,6.7,0.359649554703,14.0,14.15,14.6,13.7,0.636396103068,2.0,7.68333333333,12.9,5.2,2.85779105201,12.0,2018-06-19_break_1119USBR_WQX-JAC001
1119USBR_WQX-PAL008,2018-06-19,7.95857142857,8.27,7.4,0.240526208848,21.0,36.45,38.3,34.6,2.61629509039,2.0,12.0263157895,14.9,8.4,2.41680277899,19.0,2018-06-19_break_1119USBR_WQX-PAL008
1119USBR_WQX-PAL008,2018-08-14,7.987,8.48,7.1,0.389467923144,20.0,21.525,36.3,6.6,15.1381141494,4.0,16.2111111111,19.7,10.3,3.3420474332,18.0,2018-08-14_break_1119USBR_WQX-PAL008
1119USBR_WQX-PAL010,2018-05-30,7.9,7.9,7.9,,1.0,38.2,38.2,38.2,,1.0,,,,,,2018-05-30_break_1119USBR_WQX-PAL010
1119USBR_WQX-JAC001,2018-07-17,7.38933333333,7.94,6.72,0.428760117193,15.0,14.55,15.1,14.0,0.777817459305,2.0,10.6461538462,20.7,1.6,6.62754547132,13.0,2018-07-17_break_1119USBR_WQX-JAC001
1119USBR_WQX-JAC101,2018-07-17,7.22,7.64,6.8,0.593969696197,2.0,15.0,15.0,15.0,,1.0,16.9,16.9,16.9,,1.0,2018-07-17_break_1119USBR_WQX-JAC101
1119USBR_WQX-JAC001,2018-08-14,7.354,7.99,6.7,0.474684857864,15.0,14.15,15.2,13.3,0.903696114115,4.0,17.9769230769,91.0,5.3,22.7770408469,13.0,2018-08-14_break_1119USBR_WQX-JAC001
1119USBR_WQX-PAL010,2018-07-24,8.1,8.1,8.1,,1.0,34.7,34.7,34.7,,1.0,,,,,,2018-07-24_break_1119USBR_WQX-PAL010
1119USBR_WQX-PAL010,2018-06-19,7.6,7.6,7.6,,1.0,34.3,34.3,34.3,,1.0,,,,,,2018-06-19_break_1119USBR_WQX-PAL010
1119USBR_WQX-PAL010,2018-08-14,8.2,8.2,8.2,,1.0,20.45,34.1,6.8,19.3040151264,2.0,,,,,,2018-08-14_break_1119USBR_WQX-PAL010
1119USBR_WQX-JAC101,2018-06-19,7.145,7.59,6.7,0.629325035256,2.0,14.9,14.9,14.9,,1.0,11.0,11.0,11.0,,1.0,2018-06-19_break_1119USBR_WQX-JAC101
USGS-13025500,2013-08-06,8.45,8.5,8.4,0.0707106781187,2.0,52.6,52.6,52.6,,1.0,13.5,13.5,13.5,,1.0,2013-08-06_break_USGS-13025500
USGS-13025500,2013-05-29,8.1,8.4,7.8,0.424264068712,2.0,62.0,62.0,62.0,,1.0,10.7,10.7,10.7,,1.0,2013-05-29_break_USGS-13025500
USGS-13025500,2013-12-17,8.15,8.3,8.0,0.212132034356,2.0,66.9,66.9,66.9,,1.0,0.2,0.2,0.2,,1.0,2013-12-17_break_USGS-13025500
USGS-13025500,2013-01-16,7.8,8.0,7.6,0.282842712475,2.0,64.3,64.3,64.3,,1.0,0.2,0.2,0.2,,1.0,2013-01-16_break_USGS-13025500
1119USBR_WQX-PAL101,2017-08-09,8.065,8.3,7.83,0.332340187158,2.0,34.5,34.5,34.5,,1.0,13.9,13.9,13.9,,1.0,2017-08-09_break_1119USBR_WQX-PAL101
USGS-13025500,2014-03-18,7.85,8.4,7.3,0.777817459305,2.0,67.4,67.4,67.4,,1.0,4.8,4.8,4.8,,1.0,2014-03-18_break_USGS-13025500
USGS-13025500,2014-08-11,8.6,8.7,8.5,0.141421356237,2.0,47.8,47.8,47.8,,1.0,21.2,21.2,21.2,,1.0,2014-08-11_break_USGS-13025500
USGS-13025500,2014-06-25,8.6,8.6,8.6,0.0,2.0,59.4,59.4,59.4,,1.0,19.0,19.0,19.0,,1.0,2014-06-25_break_USGS-13025500
USGS-13025500,2014-11-03,8.4,8.4,8.4,0.0,2.0,62.8,62.8,62.8,,1.0,5.4,5.4,5.4,,1.0,2014-11-03_break_USGS-13025500
USGS-13025500,2015-02-04,8.25,8.3,8.2,0.0707106781187,2.0,62.2,62.2,62.2,,1.0,3.8,3.8,3.8,,1.0,2015-02-04_break_USGS-13025500
USGS-13025500,2015-12-21,8.25,8.3,8.2,0.0707106781187,2.0,60.6,60.6,60.6,,1.0,1.4,1.4,1.4,,1.0,2015-12-21_break_USGS-13025500
USGS-13018350,2015-05-11,8.5,8.5,8.5,,1.0,,,,,,11.4,11.4,11.4,,1.0,2015-05-11_break_USGS-13018350
USGS-13025500,2015-06-03,8.6,8.7,8.5,0.141421356237,2.0,68.9,68.9,68.9,,1.0,14.2,14.2,14.2,,1.0,2015-06-03_break_USGS-13025500
USGS-13025500,2015-08-13,8.5,8.7,8.3,0.282842712475,2.0,58.6,58.6,58.6,,1.0,17.8,17.8,17.8,,1.0,2015-08-13_break_USGS-13025500
USGS-13025500,2016-06-23,8.45,8.5,8.4,0.0707106781187,2.0,67.6,67.6,67.6,,1.0,18.3,18.3,18.3,,1.0,2016-06-23_break_USGS-13025500
USGS-13016450,2016-05-16,8.6,8.6,8.6,,1.0,,,,,,10.8,10.8,10.8,,1.0,2016-05-16_break_USGS-13016450
USGS-13025500,2016-02-11,8.15,8.2,8.1,0.0707106781187,2.0,68.2,68.2,68.2,,1.0,0.7,0.7,0.7,,1.0,2016-02-11_break_USGS-13025500
USGS-13025500,2016-11-02,,,,,,,,,,,5.3,5.3,5.3,,1.0,2016-11-02_break_USGS-13025500
USGS-13025500,2016-08-17,8.5,8.5,8.5,,1.0,,,,,,16.3,16.3,16.3,,1.0,2016-08-17_break_USGS-13025500
USGS-13018350,2017-06-01,,,,,,,,,,,10.0,11.2,8.8,1.69705627485,2.0,2017-06-01_break_USGS-13018350
USGS-13018350,2017-05-31,,,,,,,,,,,9.8,9.8,9.8,,1.0,2017-05-31_break_USGS-13018350
USGS-432453110465501,2017-05-31,,,,,,,,,,,12.4,14.5,10.3,2.96984848098,2.0,2017-05-31_break_USGS-432453110465501
USGS-432453110465501,2017-06-01,,,,,,,,,,,10.0,10.0,10.0,,1.0,2017-06-01_break_USGS-432453110465501
USGS-13025500,2017-05-24,8.4,8.4,8.4,,1.0,,,,,,12.4,12.4,12.4,,1.0,2017-05-24_break_USGS-13025500
USGS-13025500,2017-10-03,8.8,8.8,8.8,,1.0,,,,,,7.2,7.2,7.2,,1.0,2017-10-03_break_USGS-13025500
USGS-13025500,2017-03-22,8.0,8.0,8.0,,1.0,,,,,,5.1,5.1,5.1,,1.0,2017-03-22_break_USGS-13025500
USGS-13025500,2017-08-08,8.4,8.4,8.4,,1.0,,,,,,14.3,14.3,14.3,,1.0,2017-08-08_break_USGS-13025500
USGS-13018250,2017-05-31,,,,,,,,,,,13.3,13.3,13.3,,1.0,2017-05-31_break_USGS-13018250
USGS-13018250,2017-06-01,,,,,,,,,,,13.4,13.4,13.4,,1.0,2017-06-01_break_USGS-13018250
USGS-13025500,2012-11-30,8.25,8.4,8.1,0.212132034356,2.0,65.1,65.1,65.1,,1.0,4.2,4.2,4.2,,1.0,2012-11-30_break_USGS-13025500
USGS-433302110504701,2009-04-28,8.0,8.0,8.0,,1.0,,,,,,9.1,9.1,9.1,,1.0,2009-04-28_break_USGS-433302110504701
USGS-433117110515101,2009-04-29,8.4,8.4,8.4,,1.0,,,,,,5.8,5.8,5.8,,1.0,2009-04-29_break_USGS-433117110515101
USGS-13016450,2009-04-29,8.8,8.8,8.8,,1.0,,,,,,11.7,11.7,11.7,,1.0,2009-04-29_break_USGS-13016450
USGS-433438110495901,2009-04-30,7.2,7.2,7.2,,1.0,,,,,,6.0,6.0,6.0,,1.0,2009-04-30_break_USGS-433438110495901
USGS-432906110522601,2009-04-30,8.4,8.4,8.4,,1.0,,,,,,7.2,7.2,7.2,,1.0,2009-04-30_break_USGS-432906110522601
USGS-432748110515301,2009-05-01,8.1,8.1,8.1,,1.0,,,,,,4.6,4.6,4.6,,1.0,2009-05-01_break_USGS-432748110515301
USGS-433553110443601,2009-06-18,8.4,8.4,8.4,,1.0,,,,,,10.4,10.4,10.4,,1.0,2009-06-18_break_USGS-433553110443601
USGS-433302110504701,2009-08-17,7.7,7.7,7.7,,1.0,,,,,,13.2,13.2,13.2,,1.0,2009-08-17_break_USGS-433302110504701
USGS-13016450,2009-08-18,8.5,8.5,8.5,,1.0,,,,,,14.3,14.3,14.3,,1.0,2009-08-18_break_USGS-13016450
USGS-432906110522601,2009-08-19,8.6,8.6,8.6,,1.0,,,,,,12.2,12.2,12.2,,1.0,2009-08-19_break_USGS-432906110522601
USGS-432748110515301,2009-08-19,9.0,9.0,9.0,,1.0,,,,,,16.7,16.7,16.7,,1.0,2009-08-19_break_USGS-432748110515301
USGS-433117110515101,2009-08-18,8.1,8.1,8.1,,1.0,,,,,,11.3,11.3,11.3,,1.0,2009-08-18_break_USGS-433117110515101
USGS-433438110495901,2009-08-17,7.9,7.9,7.9,,1.0,,,,,,12.3,12.3,12.3,,1.0,2009-08-17_break_USGS-433438110495901
USGS-432906110522601,2009-10-21,8.7,8.7,8.7,,1.0,,,,,,7.7,7.7,7.7,,1.0,2009-10-21_break_USGS-432906110522601
USGS-432748110515301,2009-10-20,7.7,7.7,7.7,,1.0,,,,,,7.6,7.6,7.6,,1.0,2009-10-20_break_USGS-432748110515301
USGS-13016450,2009-10-21,8.0,8.0,8.0,,1.0,,,,,,6.5,6.5,6.5,,1.0,2009-10-21_break_USGS-13016450
USGS-433438110495901,2009-10-22,7.9,7.9,7.9,,1.0,,,,,,10.9,10.9,10.9,,1.0,2009-10-22_break_USGS-433438110495901
USGS-433302110504701,2009-10-22,7.8,7.8,7.8,,1.0,,,,,,9.3,9.3,9.3,,1.0,2009-10-22_break_USGS-433302110504701
USGS-433117110515101,2009-10-21,8.8,8.8,8.8,,1.0,,,,,,11.1,11.1,11.1,,1.0,2009-10-21_break_USGS-433117110515101
USGS-432748110515301,2011-10-20,8.7,8.7,8.7,,1.0,,,,,,6.4,6.4,6.4,,1.0,2011-10-20_break_USGS-432748110515301
USGS-433302110504701,2011-10-19,7.5,7.5,7.5,,1.0,,,,,,9.5,9.5,9.5,,1.0,2011-10-19_break_USGS-433302110504701
USGS-433117110515101,2011-10-19,8.7,8.7,8.7,,1.0,,,,,,10.8,10.8,10.8,,1.0,2011-10-19_break_USGS-433117110515101
USGS-13016450,2011-10-18,9.1,9.1,9.1,,1.0,,,,,,10.7,10.7,10.7,,1.0,2011-10-18_break_USGS-13016450
USGS-433234110512601,2011-10-17,8.5,8.5,8.5,,1.0,,,,,,5.0,5.0,5.0,,1.0,2011-10-17_break_USGS-433234110512601
USGS-433247110491701,2011-10-20,8.9,8.9,8.9,,1.0,,,,,,7.5,7.5,7.5,,1.0,2011-10-20_break_USGS-433247110491701
USGS-432906110522601,2011-10-18,8.5,8.5,8.5,,1.0,,,,,,6.7,6.7,6.7,,1.0,2011-10-18_break_USGS-432906110522601
USGS-433421110474101,2011-10-20,8.9,8.9,8.9,,1.0,,,,,,8.0,8.0,8.0,,1.0,2011-10-20_break_USGS-433421110474101
USGS-433438110495901,2011-10-17,8.2,8.2,8.2,,1.0,,,,,,11.4,11.4,11.4,,1.0,2011-10-17_break_USGS-433438110495901
USGS-433234110512601,2011-04-27,8.5,8.5,8.5,,1.0,,,,,,3.7,3.7,3.7,,1.0,2011-04-27_break_USGS-433234110512601
USGS-13016450,2011-04-27,8.6,8.6,8.6,,1.0,,,,,,6.3,6.3,6.3,,1.0,2011-04-27_break_USGS-13016450
USGS-432748110515301,2011-04-28,8.3,8.3,8.3,,1.0,,,,,,6.4,6.4,6.4,,1.0,2011-04-28_break_USGS-432748110515301
USGS-432906110522601,2011-04-27,8.5,8.5,8.5,,1.0,,,,,,10.2,10.2,10.2,,1.0,2011-04-27_break_USGS-432906110522601
USGS-433421110474101,2011-04-28,7.9,7.9,7.9,,1.0,,,,,,6.1,6.1,6.1,,1.0,2011-04-28_break_USGS-433421110474101
USGS-433438110495901,2011-04-25,7.6,7.6,7.6,,1.0,,,,,,7.5,7.5,7.5,,1.0,2011-04-25_break_USGS-433438110495901
USGS-433247110491701,2011-04-25,9.0,9.0,9.0,,1.0,,,,,,11.6,11.6,11.6,,1.0,2011-04-25_break_USGS-433247110491701
USGS-433117110515101,2011-04-26,8.5,8.5,8.5,,1.0,,,,,,8.9,8.9,8.9,,1.0,2011-04-26_break_USGS-433117110515101
USGS-433302110504701,2011-04-26,8.2,8.2,8.2,,1.0,,,,,,8.4,8.4,8.4,,1.0,2011-04-26_break_USGS-433302110504701
USGS-433553110443601,2011-06-08,8.35,8.4,8.3,0.0707106781187,2.0,35.8,35.8,35.8,,1.0,10.5,10.5,10.5,,1.0,2011-06-08_break_USGS-433553110443601
1119USBR_WQX-PAL008,2016-08-16,8.1,8.1,8.1,,1.0,39.5,39.5,39.5,,1.0,,,,,,2016-08-16_break_1119USBR_WQX-PAL008
1119USBR_WQX-JAC101,2017-06-21,7.9,7.9,7.9,0.0,2.0,14.6,14.6,14.6,,1.0,12.1,12.1,12.1,,1.0,2017-06-21_break_1119USBR_WQX-JAC101
USGS-432906110522601,2011-08-25,8.3,8.3,8.3,,1.0,,,,,,12.4,12.4,12.4,,1.0,2011-08-25_break_USGS-432906110522601
USGS-432748110515301,2011-08-26,8.2,8.2,8.2,,1.0,,,,,,11.8,11.8,11.8,,1.0,2011-08-26_break_USGS-432748110515301
USGS-13016450,2011-08-25,8.4,8.4,8.4,,1.0,,,,,,15.5,15.5,15.5,,1.0,2011-08-25_break_USGS-13016450
USGS-433302110504701,2011-08-24,7.6,7.6,7.6,,1.0,,,,,,12.6,12.6,12.6,,1.0,2011-08-24_break_USGS-433302110504701
USGS-433117110515101,2011-08-24,8.3,8.3,8.3,,1.0,,,,,,14.6,14.6,14.6,,1.0,2011-08-24_break_USGS-433117110515101
USGS-13016450,2010-08-11,8.4,8.7,7.8,0.368781778292,6.0,,,,,,14.5833333333,16.1,12.8,1.24646165872,6.0,2010-08-11_break_USGS-13016450
USGS-13016450,2010-08-12,7.83333333333,8.3,7.7,0.242212028328,6.0,,,,,,10.9333333333,11.9,10.2,0.653197264742,6.0,2010-08-12_break_USGS-13016450
USGS-432748110515301,2010-08-10,8.8,8.8,8.8,,1.0,,,,,,16.6,16.6,16.6,,1.0,2010-08-10_break_USGS-432748110515301
USGS-13011000,2018-08-14,8.2,8.2,8.2,,1.0,15.8,15.8,15.8,,1.0,17.8,17.8,17.8,,1.0,2018-08-14_break_USGS-13011000
USGS-433438110495901,2010-08-13,6.8,6.8,6.8,,1.0,,,,,,11.1,11.1,11.1,,1.0,2010-08-13_break_USGS-433438110495901
USGS-433302110504701,2010-08-10,7.8,7.8,7.8,,1.0,,,,,,14.0,14.0,14.0,,1.0,2010-08-10_break_USGS-433302110504701
USGS-432906110522601,2010-08-11,8.2,8.2,8.2,,1.0,,,,,,12.0,12.0,12.0,,1.0,2010-08-11_break_USGS-432906110522601
USGS-433117110515101,2010-10-20,,,,,,,,,,,11.6,11.6,11.6,,1.0,2010-10-20_break_USGS-433117110515101
USGS-433302110504701,2010-10-19,8.4,8.4,8.4,,1.0,,,,,,13.1,13.1,13.1,,1.0,2010-10-19_break_USGS-433302110504701
USGS-432748110515301,2010-04-28,8.7,8.7,8.7,,1.0,,,,,,8.7,8.7,8.7,,1.0,2010-04-28_break_USGS-432748110515301
USGS-432906110522601,2010-04-28,8.4,8.4,8.4,,1.0,,,,,,5.7,5.7,5.7,,1.0,2010-04-28_break_USGS-432906110522601
USGS-440653110411201,2018-09-26,8.1,8.3,7.9,0.282842712475,2.0,9.43,9.43,9.43,,1.0,45.6,45.6,45.6,,1.0,2018-09-26_break_USGS-440653110411201
USGS-13032500,2018-07-18,7.9,7.9,7.9,,1.0,31.8,31.8,31.8,,1.0,13.1,13.1,13.1,,1.0,2018-07-18_break_USGS-13032500
USGS-13032500,2018-09-18,8.3,8.3,8.3,,1.0,42.2,42.2,42.2,,1.0,15.9,15.9,15.9,,1.0,2018-09-18_break_USGS-13032500
USGS-13032500,2018-08-14,8.1,8.1,8.1,,1.0,37.0,37.0,37.0,,1.0,15.1,15.1,15.1,,1.0,2018-08-14_break_USGS-13032500
USGS-432211110264402,2018-09-25,8.1,8.3,7.9,0.282842712475,2.0,30.8,30.8,30.8,,1.0,36.6,36.6,36.6,,1.0,2018-09-25_break_USGS-432211110264402
USGS-13032500,2018-07-30,8.0,8.0,8.0,,1.0,35.7,35.7,35.7,,1.0,14.4,14.4,14.4,,1.0,2018-07-30_break_USGS-13032500
USGS-13032500,2018-06-04,7.5,7.5,7.5,,1.0,37.7,37.7,37.7,,1.0,9.6,9.6,9.6,,1.0,2018-06-04_break_USGS-13032500
USGS-13011000,2018-06-04,7.6,7.6,7.6,,1.0,15.3,15.3,15.3,,1.0,9.8,9.8,9.8,,1.0,2018-06-04_break_USGS-13011000
USGS-13011000,2018-07-18,7.7,7.7,7.7,,1.0,15.3,15.3,15.3,,1.0,16.3,16.3,16.3,,1.0,2018-07-18_break_USGS-13011000
USGS-440653110411201,2018-07-18,7.85,8.1,7.6,0.353553390593,2.0,8.63,8.63,8.63,,1.0,45.5,45.5,45.5,,1.0,2018-07-18_break_USGS-440653110411201
USGS-432211110264402,2018-07-17,8.05,8.1,8.0,0.0707106781187,2.0,30.4,30.4,30.4,,1.0,34.0,34.0,34.0,,1.0,2018-07-17_break_USGS-432211110264402
USGS-433302110504701,2010-04-26,8.2,8.2,8.2,,1.0,,,,,,9.0,9.0,9.0,,1.0,2010-04-26_break_USGS-433302110504701
USGS-433117110515101,2010-04-27,8.5,8.5,8.5,,1.0,,,,,,10.7,10.7,10.7,,1.0,2010-04-27_break_USGS-433117110515101
USGS-13016450,2010-04-27,8.7,8.7,8.7,,1.0,,,,,,8.4,8.4,8.4,,1.0,2010-04-27_break_USGS-13016450
USGS-433438110495901,2010-10-21,7.6,7.6,7.6,,1.0,,,,,,11.5,11.5,11.5,,1.0,2010-10-21_break_USGS-433438110495901
USGS-13016450,2010-10-21,7.1,7.1,7.1,,1.0,,,,,,6.3,6.3,6.3,,1.0,2010-10-21_break_USGS-13016450
USGS-432906110522601,2010-10-20,8.4,8.4,8.4,,1.0,,,,,,5.5,5.5,5.5,,1.0,2010-10-20_break_USGS-432906110522601
USGS-432748110515301,2010-10-21,8.7,8.7,8.7,,1.0,,,,,,7.5,7.5,7.5,,1.0,2010-10-21_break_USGS-432748110515301
USGS-440653110411201,2019-03-12,7.9,8.4,7.4,0.707106781187,2.0,8.92,8.92,8.92,,1.0,42.4,42.4,42.4,,1.0,2019-03-12_break_USGS-440653110411201
USGS-13025500,2019-02-11,8.2,8.2,8.2,,1.0,,,,,,,,,,,2019-02-11_break_USGS-13025500
USGS-13025500,2018-11-07,8.2,8.2,8.2,,1.0,,,,,,,,,,,2018-11-07_break_USGS-13025500
USGS-13025500,2018-07-18,8.4,8.4,8.4,,1.0,,,,,,,,,,,2018-07-18_break_USGS-13025500
USGS-13011000,2018-07-30,8.0,8.0,8.0,,1.0,15.3,15.3,15.3,,1.0,17.2,17.2,17.2,,1.0,2018-07-30_break_USGS-13011000
USGS-13011000,2018-05-21,7.8,7.8,7.8,,1.0,16.0,16.0,16.0,,1.0,8.3,8.3,8.3,,1.0,2018-05-21_break_USGS-13011000
USGS-432211110264402,2018-03-20,8.15,8.2,8.1,0.0707106781187,2.0,30.4,30.4,30.4,,1.0,38.2,38.2,38.2,,1.0,2018-03-20_break_USGS-432211110264402
USGS-440653110411201,2018-03-21,8.0,8.2,7.8,0.282842712475,2.0,9.66,9.66,9.66,,1.0,41.9,41.9,41.9,,1.0,2018-03-21_break_USGS-440653110411201
USGS-13032500,2018-05-21,8.2,8.2,8.2,,1.0,44.6,44.6,44.6,,1.0,8.6,8.6,8.6,,1.0,2018-05-21_break_USGS-13032500
USGS-13011000,2018-09-18,8.2,8.2,8.2,,1.0,15.4,15.4,15.4,,1.0,14.8,14.8,14.8,,1.0,2018-09-18_break_USGS-13011000
1119USBR_WQX-JAC101,2014-06-25,7.185,7.37,7.0,0.261629509039,2.0,13.2,13.2,13.2,,1.0,11.7,11.7,11.7,,1.0,2014-06-25_break_1119USBR_WQX-JAC101
11NPSWRD_WQX-GRTE_SNR01,2014-04-16,8.01,8.01,8.01,,1.0,16.25,17.3,15.2,1.48492424049,2.0,2.88,2.88,2.88,,1.0,2014-04-16_break_11NPSWRD_WQX-GRTE_SNR01
USGS-13025500,2018-03-20,8.5,8.5,8.5,,1.0,,,,,,4.2,4.2,4.2,,1.0,2018-03-20_break_USGS-13025500
